order_details_id,order_id,product_id,unit_price,quantity,discount
1,10248,11,14.0,12,0.0
2,10248,42,9.80000019,10,0.0
3,10248,72,34.7999992,5,0.0
4,10249,14,18.6000004,9,0.0
5,10249,51,42.4000015,40,0.0
6,10250,41,7.69999981,10,0.0
7,10250,51,42.4000015,35,0.150000006
8,10250,65,16.7999992,15,0.150000006
9,10251,22,16.7999992,6,0.0500000007
10,10251,57,15.6000004,15,0.0500000007
11,10251,65,16.7999992,20,0.0
12,10252,20,64.8000031,40,0.0500000007
13,10252,33,2.0,25,0.0500000007
14,10252,60,27.2000008,40,0.0
15,10253,31,10.0,20,0.0
16,10253,39,14.3999996,42,0.0
17,10253,49,16.0,40,0.0
18,10254,24,3.5999999,15,0.150000006
19,10254,55,19.2000008,21,0.150000006
20,10254,74,8.0,21,0.0
21,10255,2,15.1999998,20,0.0
22,10255,16,13.8999996,35,0.0
23,10255,36,15.1999998,25,0.0
24,10255,59,44.0,30,0.0
25,10256,53,26.2000008,15,0.0
26,10256,77,10.3999996,12,0.0
27,10257,27,35.0999985,25,0.0
28,10257,39,14.3999996,6,0.0
29,10257,77,10.3999996,15,0.0
30,10258,2,15.1999998,50,0.200000003
31,10258,5,17.0,65,0.200000003
32,10258,32,25.6000004,6,0.200000003
33,10259,21,8.0,10,0.0
34,10259,37,20.7999992,1,0.0
35,10260,41,7.69999981,16,0.25
36,10260,57,15.6000004,50,0.0
37,10260,62,39.4000015,15,0.25
38,10260,70,12.0,21,0.25
39,10261,21,8.0,20,0.0
40,10261,35,14.3999996,20,0.0
41,10262,5,17.0,12,0.200000003
42,10262,7,24.0,15,0.0
43,10262,56,30.3999996,2,0.0
44,10263,16,13.8999996,60,0.25
45,10263,24,3.5999999,28,0.0
46,10263,30,20.7000008,60,0.25
47,10263,74,8.0,36,0.25
48,10264,2,15.1999998,35,0.0
49,10264,41,7.69999981,25,0.150000006
50,10265,17,31.2000008,30,0.0
51,10265,70,12.0,20,0.0
52,10266,12,30.3999996,12,0.0500000007
53,10267,40,14.6999998,50,0.0
54,10267,59,44.0,70,0.150000006
55,10267,76,14.3999996,15,0.150000006
56,10268,29,99.0,10,0.0
57,10268,72,27.7999992,4,0.0
58,10269,33,2.0,60,0.0500000007
59,10269,72,27.7999992,20,0.0500000007
60,10270,36,15.1999998,30,0.0
61,10270,43,36.7999992,25,0.0
62,10271,33,2.0,24,0.0
63,10272,20,64.8000031,6,0.0
64,10272,31,10.0,40,0.0
65,10272,72,27.7999992,24,0.0
66,10273,10,24.7999992,24,0.0500000007
67,10273,31,10.0,15,0.0500000007
68,10273,33,2.0,20,0.0
69,10273,40,14.6999998,60,0.0500000007
70,10273,76,14.3999996,33,0.0500000007
71,10274,71,17.2000008,20,0.0
72,10274,72,27.7999992,7,0.0
73,10275,24,3.5999999,12,0.0500000007
74,10275,59,44.0,6,0.0500000007
75,10276,10,24.7999992,15,0.0
76,10276,13,4.80000019,10,0.0
77,10277,28,36.4000015,20,0.0
78,10277,62,39.4000015,12,0.0
79,10278,44,15.5,16,0.0
80,10278,59,44.0,15,0.0
81,10278,63,35.0999985,8,0.0
82,10278,73,12.0,25,0.0
83,10279,17,31.2000008,15,0.25
84,10280,24,3.5999999,12,0.0
85,10280,55,19.2000008,20,0.0
86,10280,75,6.19999981,30,0.0
87,10281,19,7.30000019,1,0.0
88,10281,24,3.5999999,6,0.0
89,10281,35,14.3999996,4,0.0
90,10282,30,20.7000008,6,0.0
91,10282,57,15.6000004,2,0.0
92,10283,15,12.3999996,20,0.0
93,10283,19,7.30000019,18,0.0
94,10283,60,27.2000008,35,0.0
95,10283,72,27.7999992,3,0.0
96,10284,27,35.0999985,15,0.25
97,10284,44,15.5,21,0.0
98,10284,60,27.2000008,20,0.25
99,10284,67,11.1999998,5,0.25
100,10285,1,14.3999996,45,0.200000003
101,10285,40,14.6999998,40,0.200000003
102,10285,53,26.2000008,36,0.200000003
103,10286,35,14.3999996,100,0.0
104,10286,62,39.4000015,40,0.0
105,10287,16,13.8999996,40,0.150000006
106,10287,34,11.1999998,20,0.0
107,10287,46,9.60000038,15,0.150000006
108,10288,54,5.9000001,10,0.100000001
109,10288,68,10.0,3,0.100000001
110,10289,3,8.0,30,0.0
111,10289,64,26.6000004,9,0.0
112,10290,5,17.0,20,0.0
113,10290,29,99.0,15,0.0
114,10290,49,16.0,15,0.0
115,10290,77,10.3999996,10,0.0
116,10291,13,4.80000019,20,0.100000001
117,10291,44,15.5,24,0.100000001
118,10291,51,42.4000015,2,0.100000001
119,10292,20,64.8000031,20,0.0
120,10293,18,50.0,12,0.0
121,10293,24,3.5999999,10,0.0
122,10293,63,35.0999985,5,0.0
123,10293,75,6.19999981,6,0.0
124,10294,1,14.3999996,18,0.0
125,10294,17,31.2000008,15,0.0
126,10294,43,36.7999992,15,0.0
127,10294,60,27.2000008,21,0.0
128,10294,75,6.19999981,6,0.0
129,10295,56,30.3999996,4,0.0
130,10296,11,16.7999992,12,0.0
131,10296,16,13.8999996,30,0.0
132,10296,69,28.7999992,15,0.0
133,10297,39,14.3999996,60,0.0
134,10297,72,27.7999992,20,0.0
135,10298,2,15.1999998,40,0.0
136,10298,36,15.1999998,40,0.25
137,10298,59,44.0,30,0.25
138,10298,62,39.4000015,15,0.0
139,10299,19,7.30000019,15,0.0
140,10299,70,12.0,20,0.0
141,10300,66,13.6000004,30,0.0
142,10300,68,10.0,20,0.0
143,10301,40,14.6999998,10,0.0
144,10301,56,30.3999996,20,0.0
145,10302,17,31.2000008,40,0.0
146,10302,28,36.4000015,28,0.0
147,10302,43,36.7999992,12,0.0
148,10303,40,14.6999998,40,0.100000001
149,10303,65,16.7999992,30,0.100000001
150,10303,68,10.0,15,0.100000001
151,10304,49,16.0,30,0.0
152,10304,59,44.0,10,0.0
153,10304,71,17.2000008,2,0.0
154,10305,18,50.0,25,0.100000001
155,10305,29,99.0,25,0.100000001
156,10305,39,14.3999996,30,0.100000001
157,10306,30,20.7000008,10,0.0
158,10306,53,26.2000008,10,0.0
159,10306,54,5.9000001,5,0.0
160,10307,62,39.4000015,10,0.0
161,10307,68,10.0,3,0.0
162,10308,69,28.7999992,1,0.0
163,10308,70,12.0,5,0.0
164,10309,4,17.6000004,20,0.0
165,10309,6,20.0,30,0.0
166,10309,42,11.1999998,2,0.0
167,10309,43,36.7999992,20,0.0
168,10309,71,17.2000008,3,0.0
169,10310,16,13.8999996,10,0.0
170,10310,62,39.4000015,5,0.0
171,10311,42,11.1999998,6,0.0
172,10311,69,28.7999992,7,0.0
173,10312,28,36.4000015,4,0.0
174,10312,43,36.7999992,24,0.0
175,10312,53,26.2000008,20,0.0
176,10312,75,6.19999981,10,0.0
177,10313,36,15.1999998,12,0.0
178,10314,32,25.6000004,40,0.100000001
179,10314,58,10.6000004,30,0.100000001
180,10314,62,39.4000015,25,0.100000001
181,10315,34,11.1999998,14,0.0
182,10315,70,12.0,30,0.0
183,10316,41,7.69999981,10,0.0
184,10316,62,39.4000015,70,0.0
185,10317,1,14.3999996,20,0.0
186,10318,41,7.69999981,20,0.0
187,10318,76,14.3999996,6,0.0
188,10319,17,31.2000008,8,0.0
189,10319,28,36.4000015,14,0.0
190,10319,76,14.3999996,30,0.0
191,10320,71,17.2000008,30,0.0
192,10321,35,14.3999996,10,0.0
193,10322,52,5.5999999,20,0.0
194,10323,15,12.3999996,5,0.0
195,10323,25,11.1999998,4,0.0
196,10323,39,14.3999996,4,0.0
197,10324,16,13.8999996,21,0.150000006
198,10324,35,14.3999996,70,0.150000006
199,10324,46,9.60000038,30,0.0
200,10324,59,44.0,40,0.150000006
201,10324,63,35.0999985,80,0.150000006
202,10325,6,20.0,6,0.0
203,10325,13,4.80000019,12,0.0
204,10325,14,18.6000004,9,0.0
205,10325,31,10.0,4,0.0
206,10325,72,27.7999992,40,0.0
207,10326,4,17.6000004,24,0.0
208,10326,57,15.6000004,16,0.0
209,10326,75,6.19999981,50,0.0
210,10327,2,15.1999998,25,0.200000003
211,10327,11,16.7999992,50,0.200000003
212,10327,30,20.7000008,35,0.200000003
213,10327,58,10.6000004,30,0.200000003
214,10328,59,44.0,9,0.0
215,10328,65,16.7999992,40,0.0
216,10328,68,10.0,10,0.0
217,10329,19,7.30000019,10,0.0500000007
218,10329,30,20.7000008,8,0.0500000007
219,10329,38,210.800003,20,0.0500000007
220,10329,56,30.3999996,12,0.0500000007
221,10330,26,24.8999996,50,0.150000006
222,10330,72,27.7999992,25,0.150000006
223,10331,54,5.9000001,15,0.0
224,10332,18,50.0,40,0.200000003
225,10332,42,11.1999998,10,0.200000003
226,10332,47,7.5999999,16,0.200000003
227,10333,14,18.6000004,10,0.0
228,10333,21,8.0,10,0.100000001
229,10333,71,17.2000008,40,0.100000001
230,10334,52,5.5999999,8,0.0
231,10334,68,10.0,10,0.0
232,10335,2,15.1999998,7,0.200000003
233,10335,31,10.0,25,0.200000003
234,10335,32,25.6000004,6,0.200000003
235,10335,51,42.4000015,48,0.200000003
236,10336,4,17.6000004,18,0.100000001
237,10337,23,7.19999981,40,0.0
238,10337,26,24.8999996,24,0.0
239,10337,36,15.1999998,20,0.0
240,10337,37,20.7999992,28,0.0
241,10337,72,27.7999992,25,0.0
242,10338,17,31.2000008,20,0.0
243,10338,30,20.7000008,15,0.0
244,10339,4,17.6000004,10,0.0
245,10339,17,31.2000008,70,0.0500000007
246,10339,62,39.4000015,28,0.0
247,10340,18,50.0,20,0.0500000007
248,10340,41,7.69999981,12,0.0500000007
249,10340,43,36.7999992,40,0.0500000007
250,10341,33,2.0,8,0.0
251,10341,59,44.0,9,0.150000006
252,10342,2,15.1999998,24,0.200000003
253,10342,31,10.0,56,0.200000003
254,10342,36,15.1999998,40,0.200000003
255,10342,55,19.2000008,40,0.200000003
256,10343,64,26.6000004,50,0.0
257,10343,68,10.0,4,0.0500000007
258,10343,76,14.3999996,15,0.0
259,10344,4,17.6000004,35,0.0
260,10344,8,32.0,70,0.25
261,10345,8,32.0,70,0.0
262,10345,19,7.30000019,80,0.0
263,10345,42,11.1999998,9,0.0
264,10346,17,31.2000008,36,0.100000001
265,10346,56,30.3999996,20,0.0
266,10347,25,11.1999998,10,0.0
267,10347,39,14.3999996,50,0.150000006
268,10347,40,14.6999998,4,0.0
269,10347,75,6.19999981,6,0.150000006
270,10348,1,14.3999996,15,0.150000006
271,10348,23,7.19999981,25,0.0
272,10349,54,5.9000001,24,0.0
273,10350,50,13.0,15,0.100000001
274,10350,69,28.7999992,18,0.100000001
275,10351,38,210.800003,20,0.0500000007
276,10351,41,7.69999981,13,0.0
277,10351,44,15.5,77,0.0500000007
278,10351,65,16.7999992,10,0.0500000007
279,10352,24,3.5999999,10,0.0
280,10352,54,5.9000001,20,0.150000006
281,10353,11,16.7999992,12,0.200000003
282,10353,38,210.800003,50,0.200000003
283,10354,1,14.3999996,12,0.0
284,10354,29,99.0,4,0.0
285,10355,24,3.5999999,25,0.0
286,10355,57,15.6000004,25,0.0
287,10356,31,10.0,30,0.0
288,10356,55,19.2000008,12,0.0
289,10356,69,28.7999992,20,0.0
290,10357,10,24.7999992,30,0.200000003
291,10357,26,24.8999996,16,0.0
292,10357,60,27.2000008,8,0.200000003
293,10358,24,3.5999999,10,0.0500000007
294,10358,34,11.1999998,10,0.0500000007
295,10358,36,15.1999998,20,0.0500000007
296,10359,16,13.8999996,56,0.0500000007
297,10359,31,10.0,70,0.0500000007
298,10359,60,27.2000008,80,0.0500000007
299,10360,28,36.4000015,30,0.0
300,10360,29,99.0,35,0.0
301,10360,38,210.800003,10,0.0
302,10360,49,16.0,35,0.0
303,10360,54,5.9000001,28,0.0
304,10361,39,14.3999996,54,0.100000001
305,10361,60,27.2000008,55,0.100000001
306,10362,25,11.1999998,50,0.0
307,10362,51,42.4000015,20,0.0
308,10362,54,5.9000001,24,0.0
309,10363,31,10.0,20,0.0
310,10363,75,6.19999981,12,0.0
311,10363,76,14.3999996,12,0.0
312,10364,69,28.7999992,30,0.0
313,10364,71,17.2000008,5,0.0
314,10365,11,16.7999992,24,0.0
315,10366,65,16.7999992,5,0.0
316,10366,77,10.3999996,5,0.0
317,10367,34,11.1999998,36,0.0
318,10367,54,5.9000001,18,0.0
319,10367,65,16.7999992,15,0.0
320,10367,77,10.3999996,7,0.0
321,10368,21,8.0,5,0.100000001
322,10368,28,36.4000015,13,0.100000001
323,10368,57,15.6000004,25,0.0
324,10368,64,26.6000004,35,0.100000001
325,10369,29,99.0,20,0.0
326,10369,56,30.3999996,18,0.25
327,10370,1,14.3999996,15,0.150000006
328,10370,64,26.6000004,30,0.0
329,10370,74,8.0,20,0.150000006
330,10371,36,15.1999998,6,0.200000003
331,10372,20,64.8000031,12,0.25
332,10372,38,210.800003,40,0.25
333,10372,60,27.2000008,70,0.25
334,10372,72,27.7999992,42,0.25
335,10373,58,10.6000004,80,0.200000003
336,10373,71,17.2000008,50,0.200000003
337,10374,31,10.0,30,0.0
338,10374,58,10.6000004,15,0.0
339,10375,14,18.6000004,15,0.0
340,10375,54,5.9000001,10,0.0
341,10376,31,10.0,42,0.0500000007
342,10377,28,36.4000015,20,0.150000006
343,10377,39,14.3999996,20,0.150000006
344,10378,71,17.2000008,6,0.0
345,10379,41,7.69999981,8,0.100000001
346,10379,63,35.0999985,16,0.100000001
347,10379,65,16.7999992,20,0.100000001
348,10380,30,20.7000008,18,0.100000001
349,10380,53,26.2000008,20,0.100000001
350,10380,60,27.2000008,6,0.100000001
351,10380,70,12.0,30,0.0
352,10381,74,8.0,14,0.0
353,10382,5,17.0,32,0.0
354,10382,18,50.0,9,0.0
355,10382,29,99.0,14,0.0
356,10382,33,2.0,60,0.0
357,10382,74,8.0,50,0.0
358,10383,13,4.80000019,20,0.0
359,10383,50,13.0,15,0.0
360,10383,56,30.3999996,20,0.0
361,10384,20,64.8000031,28,0.0
362,10384,60,27.2000008,15,0.0
363,10385,7,24.0,10,0.200000003
364,10385,60,27.2000008,20,0.200000003
365,10385,68,10.0,8,0.200000003
366,10386,24,3.5999999,15,0.0
367,10386,34,11.1999998,10,0.0
368,10387,24,3.5999999,15,0.0
369,10387,28,36.4000015,6,0.0
370,10387,59,44.0,12,0.0
371,10387,71,17.2000008,15,0.0
372,10388,45,7.5999999,15,0.200000003
373,10388,52,5.5999999,20,0.200000003
374,10388,53,26.2000008,40,0.0
375,10389,10,24.7999992,16,0.0
376,10389,55,19.2000008,15,0.0
377,10389,62,39.4000015,20,0.0
378,10389,70,12.0,30,0.0
379,10390,31,10.0,60,0.100000001
380,10390,35,14.3999996,40,0.100000001
381,10390,46,9.60000038,45,0.0
382,10390,72,27.7999992,24,0.100000001
383,10391,13,4.80000019,18,0.0
384,10392,69,28.7999992,50,0.0
385,10393,2,15.1999998,25,0.25
386,10393,14,18.6000004,42,0.25
387,10393,25,11.1999998,7,0.25
388,10393,26,24.8999996,70,0.25
389,10393,31,10.0,32,0.0
390,10394,13,4.80000019,10,0.0
391,10394,62,39.4000015,10,0.0
392,10395,46,9.60000038,28,0.100000001
393,10395,53,26.2000008,70,0.100000001
394,10395,69,28.7999992,8,0.0
395,10396,23,7.19999981,40,0.0
396,10396,71,17.2000008,60,0.0
397,10396,72,27.7999992,21,0.0
398,10397,21,8.0,10,0.150000006
399,10397,51,42.4000015,18,0.150000006
400,10398,35,14.3999996,30,0.0
401,10398,55,19.2000008,120,0.100000001
402,10399,68,10.0,60,0.0
403,10399,71,17.2000008,30,0.0
404,10399,76,14.3999996,35,0.0
405,10399,77,10.3999996,14,0.0
406,10400,29,99.0,21,0.0
407,10400,35,14.3999996,35,0.0
408,10400,49,16.0,30,0.0
409,10401,30,20.7000008,18,0.0
410,10401,56,30.3999996,70,0.0
411,10401,65,16.7999992,20,0.0
412,10401,71,17.2000008,60,0.0
413,10402,23,7.19999981,60,0.0
414,10402,63,35.0999985,65,0.0
415,10403,16,13.8999996,21,0.150000006
416,10403,48,10.1999998,70,0.150000006
417,10404,26,24.8999996,30,0.0500000007
418,10404,42,11.1999998,40,0.0500000007
419,10404,49,16.0,30,0.0500000007
420,10405,3,8.0,50,0.0
421,10406,1,14.3999996,10,0.0
422,10406,21,8.0,30,0.100000001
423,10406,28,36.4000015,42,0.100000001
424,10406,36,15.1999998,5,0.100000001
425,10406,40,14.6999998,2,0.100000001
426,10407,11,16.7999992,30,0.0
427,10407,69,28.7999992,15,0.0
428,10407,71,17.2000008,15,0.0
429,10408,37,20.7999992,10,0.0
430,10408,54,5.9000001,6,0.0
431,10408,62,39.4000015,35,0.0
432,10409,14,18.6000004,12,0.0
433,10409,21,8.0,12,0.0
434,10410,33,2.0,49,0.0
435,10410,59,44.0,16,0.0
436,10411,41,7.69999981,25,0.200000003
437,10411,44,15.5,40,0.200000003
438,10411,59,44.0,9,0.200000003
439,10412,14,18.6000004,20,0.100000001
440,10413,1,14.3999996,24,0.0
441,10413,62,39.4000015,40,0.0
442,10413,76,14.3999996,14,0.0
443,10414,19,7.30000019,18,0.0500000007
444,10414,33,2.0,50,0.0
445,10415,17,31.2000008,2,0.0
446,10415,33,2.0,20,0.0
447,10416,19,7.30000019,20,0.0
448,10416,53,26.2000008,10,0.0
449,10416,57,15.6000004,20,0.0
450,10417,38,210.800003,50,0.0
451,10417,46,9.60000038,2,0.25
452,10417,68,10.0,36,0.25
453,10417,77,10.3999996,35,0.0
454,10418,2,15.1999998,60,0.0
455,10418,47,7.5999999,55,0.0
456,10418,61,22.7999992,16,0.0
457,10418,74,8.0,15,0.0
458,10419,60,27.2000008,60,0.0500000007
459,10419,69,28.7999992,20,0.0500000007
460,10420,9,77.5999985,20,0.100000001
461,10420,13,4.80000019,2,0.100000001
462,10420,70,12.0,8,0.100000001
463,10420,73,12.0,20,0.100000001
464,10421,19,7.30000019,4,0.150000006
465,10421,26,24.8999996,30,0.0
466,10421,53,26.2000008,15,0.150000006
467,10421,77,10.3999996,10,0.150000006
468,10422,26,24.8999996,2,0.0
469,10423,31,10.0,14,0.0
470,10423,59,44.0,20,0.0
471,10424,35,14.3999996,60,0.200000003
472,10424,38,210.800003,49,0.200000003
473,10424,68,10.0,30,0.200000003
474,10425,55,19.2000008,10,0.25
475,10425,76,14.3999996,20,0.25
476,10426,56,30.3999996,5,0.0
477,10426,64,26.6000004,7,0.0
478,10427,14,18.6000004,35,0.0
479,10428,46,9.60000038,20,0.0
480,10429,50,13.0,40,0.0
481,10429,63,35.0999985,35,0.25
482,10430,17,31.2000008,45,0.200000003
483,10430,21,8.0,50,0.0
484,10430,56,30.3999996,30,0.0
485,10430,59,44.0,70,0.200000003
486,10431,17,31.2000008,50,0.25
487,10431,40,14.6999998,50,0.25
488,10431,47,7.5999999,30,0.25
489,10432,26,24.8999996,10,0.0
490,10432,54,5.9000001,40,0.0
491,10433,56,30.3999996,28,0.0
492,10434,11,16.7999992,6,0.0
493,10434,76,14.3999996,18,0.150000006
494,10435,2,15.1999998,10,0.0
495,10435,22,16.7999992,12,0.0
496,10435,72,27.7999992,10,0.0
497,10436,46,9.60000038,5,0.0
498,10436,56,30.3999996,40,0.100000001
499,10436,64,26.6000004,30,0.100000001
500,10436,75,6.19999981,24,0.100000001
501,10437,53,26.2000008,15,0.0
502,10438,19,7.30000019,15,0.200000003
503,10438,34,11.1999998,20,0.200000003
504,10438,57,15.6000004,15,0.200000003
505,10439,12,30.3999996,15,0.0
506,10439,16,13.8999996,16,0.0
507,10439,64,26.6000004,6,0.0
508,10439,74,8.0,30,0.0
509,10440,2,15.1999998,45,0.150000006
510,10440,16,13.8999996,49,0.150000006
511,10440,29,99.0,24,0.150000006
512,10440,61,22.7999992,90,0.150000006
513,10441,27,35.0999985,50,0.0
514,10442,11,16.7999992,30,0.0
515,10442,54,5.9000001,80,0.0
516,10442,66,13.6000004,60,0.0
517,10443,11,16.7999992,6,0.200000003
518,10443,28,36.4000015,12,0.0
519,10444,17,31.2000008,10,0.0
520,10444,26,24.8999996,15,0.0
521,10444,35,14.3999996,8,0.0
522,10444,41,7.69999981,30,0.0
523,10445,39,14.3999996,6,0.0
524,10445,54,5.9000001,15,0.0
525,10446,19,7.30000019,12,0.100000001
526,10446,24,3.5999999,20,0.100000001
527,10446,31,10.0,3,0.100000001
528,10446,52,5.5999999,15,0.100000001
529,10447,19,7.30000019,40,0.0
530,10447,65,16.7999992,35,0.0
531,10447,71,17.2000008,2,0.0
532,10448,26,24.8999996,6,0.0
533,10448,40,14.6999998,20,0.0
534,10449,10,24.7999992,14,0.0
535,10449,52,5.5999999,20,0.0
536,10449,62,39.4000015,35,0.0
537,10450,10,24.7999992,20,0.200000003
538,10450,54,5.9000001,6,0.200000003
539,10451,55,19.2000008,120,0.100000001
540,10451,64,26.6000004,35,0.100000001
541,10451,65,16.7999992,28,0.100000001
542,10451,77,10.3999996,55,0.100000001
543,10452,28,36.4000015,15,0.0
544,10452,44,15.5,100,0.0500000007
545,10453,48,10.1999998,15,0.100000001
546,10453,70,12.0,25,0.100000001
547,10454,16,13.8999996,20,0.200000003
548,10454,33,2.0,20,0.200000003
549,10454,46,9.60000038,10,0.200000003
550,10455,39,14.3999996,20,0.0
551,10455,53,26.2000008,50,0.0
552,10455,61,22.7999992,25,0.0
553,10455,71,17.2000008,30,0.0
554,10456,21,8.0,40,0.150000006
555,10456,49,16.0,21,0.150000006
556,10457,59,44.0,36,0.0
557,10458,26,24.8999996,30,0.0
558,10458,28,36.4000015,30,0.0
559,10458,43,36.7999992,20,0.0
560,10458,56,30.3999996,15,0.0
561,10458,71,17.2000008,50,0.0
562,10459,7,24.0,16,0.0500000007
563,10459,46,9.60000038,20,0.0500000007
564,10459,72,27.7999992,40,0.0
565,10460,68,10.0,21,0.25
566,10460,75,6.19999981,4,0.25
567,10461,21,8.0,40,0.25
568,10461,30,20.7000008,28,0.25
569,10461,55,19.2000008,60,0.25
570,10462,13,4.80000019,1,0.0
571,10462,23,7.19999981,21,0.0
572,10463,19,7.30000019,21,0.0
573,10463,42,11.1999998,50,0.0
574,10464,4,17.6000004,16,0.200000003
575,10464,43,36.7999992,3,0.0
576,10464,56,30.3999996,30,0.200000003
577,10464,60,27.2000008,20,0.0
578,10465,24,3.5999999,25,0.0
579,10465,29,99.0,18,0.100000001
580,10465,40,14.6999998,20,0.0
581,10465,45,7.5999999,30,0.100000001
582,10465,50,13.0,25,0.0
583,10466,11,16.7999992,10,0.0
584,10466,46,9.60000038,5,0.0
585,10467,24,3.5999999,28,0.0
586,10467,25,11.1999998,12,0.0
587,10468,30,20.7000008,8,0.0
588,10468,43,36.7999992,15,0.0
589,10469,2,15.1999998,40,0.150000006
590,10469,16,13.8999996,35,0.150000006
591,10469,44,15.5,2,0.150000006
592,10470,18,50.0,30,0.0
593,10470,23,7.19999981,15,0.0
594,10470,64,26.6000004,8,0.0
595,10471,7,24.0,30,0.0
596,10471,56,30.3999996,20,0.0
597,10472,24,3.5999999,80,0.0500000007
598,10472,51,42.4000015,18,0.0
599,10473,33,2.0,12,0.0
600,10473,71,17.2000008,12,0.0
601,10474,14,18.6000004,12,0.0
602,10474,28,36.4000015,18,0.0
603,10474,40,14.6999998,21,0.0
604,10474,75,6.19999981,10,0.0
605,10475,31,10.0,35,0.150000006
606,10475,66,13.6000004,60,0.150000006
607,10475,76,14.3999996,42,0.150000006
608,10476,55,19.2000008,2,0.0500000007
609,10476,70,12.0,12,0.0
610,10477,1,14.3999996,15,0.0
611,10477,21,8.0,21,0.25
612,10477,39,14.3999996,20,0.25
613,10478,10,24.7999992,20,0.0500000007
614,10479,38,210.800003,30,0.0
615,10479,53,26.2000008,28,0.0
616,10479,59,44.0,60,0.0
617,10479,64,26.6000004,30,0.0
618,10480,47,7.5999999,30,0.0
619,10480,59,44.0,12,0.0
620,10481,49,16.0,24,0.0
621,10481,60,27.2000008,40,0.0
622,10482,40,14.6999998,10,0.0
623,10483,34,11.1999998,35,0.0500000007
624,10483,77,10.3999996,30,0.0500000007
625,10484,21,8.0,14,0.0
626,10484,40,14.6999998,10,0.0
627,10484,51,42.4000015,3,0.0
628,10485,2,15.1999998,20,0.100000001
629,10485,3,8.0,20,0.100000001
630,10485,55,19.2000008,30,0.100000001
631,10485,70,12.0,60,0.100000001
632,10486,11,16.7999992,5,0.0
633,10486,51,42.4000015,25,0.0
634,10486,74,8.0,16,0.0
635,10487,19,7.30000019,5,0.0
636,10487,26,24.8999996,30,0.0
637,10487,54,5.9000001,24,0.25
638,10488,59,44.0,30,0.0
639,10488,73,12.0,20,0.200000003
640,10489,11,16.7999992,15,0.25
641,10489,16,13.8999996,18,0.0
642,10490,59,44.0,60,0.0
643,10490,68,10.0,30,0.0
644,10490,75,6.19999981,36,0.0
645,10491,44,15.5,15,0.150000006
646,10491,77,10.3999996,7,0.150000006
647,10492,25,11.1999998,60,0.0500000007
648,10492,42,11.1999998,20,0.0500000007
649,10493,65,16.7999992,15,0.100000001
650,10493,66,13.6000004,10,0.100000001
651,10493,69,28.7999992,10,0.100000001
652,10494,56,30.3999996,30,0.0
653,10495,23,7.19999981,10,0.0
654,10495,41,7.69999981,20,0.0
655,10495,77,10.3999996,5,0.0
656,10496,31,10.0,20,0.0500000007
657,10497,56,30.3999996,14,0.0
658,10497,72,27.7999992,25,0.0
659,10497,77,10.3999996,25,0.0
660,10498,24,4.5,14,0.0
661,10498,40,18.3999996,5,0.0
662,10498,42,14.0,30,0.0
663,10499,28,45.5999985,20,0.0
664,10499,49,20.0,25,0.0
665,10500,15,15.5,12,0.0500000007
666,10500,28,45.5999985,8,0.0500000007
667,10501,54,7.44999981,20,0.0
668,10502,45,9.5,21,0.0
669,10502,53,32.7999992,6,0.0
670,10502,67,14.0,30,0.0
671,10503,14,23.25,70,0.0
672,10503,65,21.0499992,20,0.0
673,10504,2,19.0,12,0.0
674,10504,21,10.0,12,0.0
675,10504,53,32.7999992,10,0.0
676,10504,61,28.5,25,0.0
677,10505,62,49.2999992,3,0.0
678,10506,25,14.0,18,0.100000001
679,10506,70,15.0,14,0.100000001
680,10507,43,46.0,15,0.150000006
681,10507,48,12.75,15,0.150000006
682,10508,13,6.0,10,0.0
683,10508,39,18.0,10,0.0
684,10509,28,45.5999985,3,0.0
685,10510,29,123.790001,36,0.0
686,10510,75,7.75,36,0.100000001
687,10511,4,22.0,50,0.150000006
688,10511,7,30.0,50,0.150000006
689,10511,8,40.0,10,0.150000006
690,10512,24,4.5,10,0.150000006
691,10512,46,12.0,9,0.150000006
692,10512,47,9.5,6,0.150000006
693,10512,60,34.0,12,0.150000006
694,10513,21,10.0,40,0.200000003
695,10513,32,32.0,50,0.200000003
696,10513,61,28.5,15,0.200000003
697,10514,20,81.0,39,0.0
698,10514,28,45.5999985,35,0.0
699,10514,56,38.0,70,0.0
700,10514,65,21.0499992,39,0.0
701,10514,75,7.75,50,0.0
702,10515,9,97.0,16,0.150000006
703,10515,16,17.4500008,50,0.0
704,10515,27,43.9000015,120,0.0
705,10515,33,2.5,16,0.150000006
706,10515,60,34.0,84,0.150000006
707,10516,18,62.5,25,0.100000001
708,10516,41,9.64999962,80,0.100000001
709,10516,42,14.0,20,0.0
710,10517,52,7.0,6,0.0
711,10517,59,55.0,4,0.0
712,10517,70,15.0,6,0.0
713,10518,24,4.5,5,0.0
714,10518,38,263.5,15,0.0
715,10518,44,19.4500008,9,0.0
716,10519,10,31.0,16,0.0500000007
717,10519,56,38.0,40,0.0
718,10519,60,34.0,10,0.0500000007
719,10520,24,4.5,8,0.0
720,10520,53,32.7999992,5,0.0
721,10521,35,18.0,3,0.0
722,10521,41,9.64999962,10,0.0
723,10521,68,12.5,6,0.0
724,10522,1,18.0,40,0.200000003
725,10522,8,40.0,24,0.0
726,10522,30,25.8899994,20,0.200000003
727,10522,40,18.3999996,25,0.200000003
728,10523,17,39.0,25,0.100000001
729,10523,20,81.0,15,0.100000001
730,10523,37,26.0,18,0.100000001
731,10523,41,9.64999962,6,0.100000001
732,10524,10,31.0,2,0.0
733,10524,30,25.8899994,10,0.0
734,10524,43,46.0,60,0.0
735,10524,54,7.44999981,15,0.0
736,10525,36,19.0,30,0.0
737,10525,40,18.3999996,15,0.100000001
738,10526,1,18.0,8,0.150000006
739,10526,13,6.0,10,0.0
740,10526,56,38.0,30,0.150000006
741,10527,4,22.0,50,0.100000001
742,10527,36,19.0,30,0.100000001
743,10528,11,21.0,3,0.0
744,10528,33,2.5,8,0.200000003
745,10528,72,34.7999992,9,0.0
746,10529,55,24.0,14,0.0
747,10529,68,12.5,20,0.0
748,10529,69,36.0,10,0.0
749,10530,17,39.0,40,0.0
750,10530,43,46.0,25,0.0
751,10530,61,28.5,20,0.0
752,10530,76,18.0,50,0.0
753,10531,59,55.0,2,0.0
754,10532,30,25.8899994,15,0.0
755,10532,66,17.0,24,0.0
756,10533,4,22.0,50,0.0500000007
757,10533,72,34.7999992,24,0.0
758,10533,73,15.0,24,0.0500000007
759,10534,30,25.8899994,10,0.0
760,10534,40,18.3999996,10,0.200000003
761,10534,54,7.44999981,10,0.200000003
762,10535,11,21.0,50,0.100000001
763,10535,40,18.3999996,10,0.100000001
764,10535,57,19.5,5,0.100000001
765,10535,59,55.0,15,0.100000001
766,10536,12,38.0,15,0.25
767,10536,31,12.5,20,0.0
768,10536,33,2.5,30,0.0
769,10536,60,34.0,35,0.25
770,10537,31,12.5,30,0.0
771,10537,51,53.0,6,0.0
772,10537,58,13.25,20,0.0
773,10537,72,34.7999992,21,0.0
774,10537,73,15.0,9,0.0
775,10538,70,15.0,7,0.0
776,10538,72,34.7999992,1,0.0
777,10539,13,6.0,8,0.0
778,10539,21,10.0,15,0.0
779,10539,33,2.5,15,0.0
780,10539,49,20.0,6,0.0
781,10540,3,10.0,60,0.0
782,10540,26,31.2299995,40,0.0
783,10540,38,263.5,30,0.0
784,10540,68,12.5,35,0.0
785,10541,24,4.5,35,0.100000001
786,10541,38,263.5,4,0.100000001
787,10541,65,21.0499992,36,0.100000001
788,10541,71,21.5,9,0.100000001
789,10542,11,21.0,15,0.0500000007
790,10542,54,7.44999981,24,0.0500000007
791,10543,12,38.0,30,0.150000006
792,10543,23,9.0,70,0.150000006
793,10544,28,45.5999985,7,0.0
794,10544,67,14.0,7,0.0
795,10545,11,21.0,10,0.0
796,10546,7,30.0,10,0.0
797,10546,35,18.0,30,0.0
798,10546,62,49.2999992,40,0.0
799,10547,32,32.0,24,0.150000006
800,10547,36,19.0,60,0.0
801,10548,34,14.0,10,0.25
802,10548,41,9.64999962,14,0.0
803,10549,31,12.5,55,0.150000006
804,10549,45,9.5,100,0.150000006
805,10549,51,53.0,48,0.150000006
806,10550,17,39.0,8,0.100000001
807,10550,19,9.19999981,10,0.0
808,10550,21,10.0,6,0.100000001
809,10550,61,28.5,10,0.100000001
810,10551,16,17.4500008,40,0.150000006
811,10551,35,18.0,20,0.150000006
812,10551,44,19.4500008,40,0.0
813,10552,69,36.0,18,0.0
814,10552,75,7.75,30,0.0
815,10553,11,21.0,15,0.0
816,10553,16,17.4500008,14,0.0
817,10553,22,21.0,24,0.0
818,10553,31,12.5,30,0.0
819,10553,35,18.0,6,0.0
820,10554,16,17.4500008,30,0.0500000007
821,10554,23,9.0,20,0.0500000007
822,10554,62,49.2999992,20,0.0500000007
823,10554,77,13.0,10,0.0500000007
824,10555,14,23.25,30,0.200000003
825,10555,19,9.19999981,35,0.200000003
826,10555,24,4.5,18,0.200000003
827,10555,51,53.0,20,0.200000003
828,10555,56,38.0,40,0.200000003
829,10556,72,34.7999992,24,0.0
830,10557,64,33.25,30,0.0
831,10557,75,7.75,20,0.0
832,10558,47,9.5,25,0.0
833,10558,51,53.0,20,0.0
834,10558,52,7.0,30,0.0
835,10558,53,32.7999992,18,0.0
836,10558,73,15.0,3,0.0
837,10559,41,9.64999962,12,0.0500000007
838,10559,55,24.0,18,0.0500000007
839,10560,30,25.8899994,20,0.0
840,10560,62,49.2999992,15,0.25
841,10561,44,19.4500008,10,0.0
842,10561,51,53.0,50,0.0
843,10562,33,2.5,20,0.100000001
844,10562,62,49.2999992,10,0.100000001
845,10563,36,19.0,25,0.0
846,10563,52,7.0,70,0.0
847,10564,17,39.0,16,0.0500000007
848,10564,31,12.5,6,0.0500000007
849,10564,55,24.0,25,0.0500000007
850,10565,24,4.5,25,0.100000001
851,10565,64,33.25,18,0.100000001
852,10566,11,21.0,35,0.150000006
853,10566,18,62.5,18,0.150000006
854,10566,76,18.0,10,0.0
855,10567,31,12.5,60,0.200000003
856,10567,51,53.0,3,0.0
857,10567,59,55.0,40,0.200000003
858,10568,10,31.0,5,0.0
859,10569,31,12.5,35,0.200000003
860,10569,76,18.0,30,0.0
861,10570,11,21.0,15,0.0500000007
862,10570,56,38.0,60,0.0500000007
863,10571,14,23.25,11,0.150000006
864,10571,42,14.0,28,0.150000006
865,10572,16,17.4500008,12,0.100000001
866,10572,32,32.0,10,0.100000001
867,10572,40,18.3999996,50,0.0
868,10572,75,7.75,15,0.100000001
869,10573,17,39.0,18,0.0
870,10573,34,14.0,40,0.0
871,10573,53,32.7999992,25,0.0
872,10574,33,2.5,14,0.0
873,10574,40,18.3999996,2,0.0
874,10574,62,49.2999992,10,0.0
875,10574,64,33.25,6,0.0
876,10575,59,55.0,12,0.0
877,10575,63,43.9000015,6,0.0
878,10575,72,34.7999992,30,0.0
879,10575,76,18.0,10,0.0
880,10576,1,18.0,10,0.0
881,10576,31,12.5,20,0.0
882,10576,44,19.4500008,21,0.0
883,10577,39,18.0,10,0.0
884,10577,75,7.75,20,0.0
885,10577,77,13.0,18,0.0
886,10578,35,18.0,20,0.0
887,10578,57,19.5,6,0.0
888,10579,15,15.5,10,0.0
889,10579,75,7.75,21,0.0
890,10580,14,23.25,15,0.0500000007
891,10580,41,9.64999962,9,0.0500000007
892,10580,65,21.0499992,30,0.0500000007
893,10581,75,7.75,50,0.200000003
894,10582,57,19.5,4,0.0
895,10582,76,18.0,14,0.0
896,10583,29,123.790001,10,0.0
897,10583,60,34.0,24,0.150000006
898,10583,69,36.0,10,0.150000006
899,10584,31,12.5,50,0.0500000007
900,10585,47,9.5,15,0.0
901,10586,52,7.0,4,0.150000006
902,10587,26,31.2299995,6,0.0
903,10587,35,18.0,20,0.0
904,10587,77,13.0,20,0.0
905,10588,18,62.5,40,0.200000003
906,10588,42,14.0,100,0.200000003
907,10589,35,18.0,4,0.0
908,10590,1,18.0,20,0.0
909,10590,77,13.0,60,0.0500000007
910,10591,3,10.0,14,0.0
911,10591,7,30.0,10,0.0
912,10591,54,7.44999981,50,0.0
913,10592,15,15.5,25,0.0500000007
914,10592,26,31.2299995,5,0.0500000007
915,10593,20,81.0,21,0.200000003
916,10593,69,36.0,20,0.200000003
917,10593,76,18.0,4,0.200000003
918,10594,52,7.0,24,0.0
919,10594,58,13.25,30,0.0
920,10595,35,18.0,30,0.25
921,10595,61,28.5,120,0.25
922,10595,69,36.0,65,0.25
923,10596,56,38.0,5,0.200000003
924,10596,63,43.9000015,24,0.200000003
925,10596,75,7.75,30,0.200000003
926,10597,24,4.5,35,0.200000003
927,10597,57,19.5,20,0.0
928,10597,65,21.0499992,12,0.200000003
929,10598,27,43.9000015,50,0.0
930,10598,71,21.5,9,0.0
931,10599,62,49.2999992,10,0.0
932,10600,54,7.44999981,4,0.0
933,10600,73,15.0,30,0.0
934,10601,13,6.0,60,0.0
935,10601,59,55.0,35,0.0
936,10602,77,13.0,5,0.25
937,10603,22,21.0,48,0.0
938,10603,49,20.0,25,0.0500000007
939,10604,48,12.75,6,0.100000001
940,10604,76,18.0,10,0.100000001
941,10605,16,17.4500008,30,0.0500000007
942,10605,59,55.0,20,0.0500000007
943,10605,60,34.0,70,0.0500000007
944,10605,71,21.5,15,0.0500000007
945,10606,4,22.0,20,0.200000003
946,10606,55,24.0,20,0.200000003
947,10606,62,49.2999992,10,0.200000003
948,10607,7,30.0,45,0.0
949,10607,17,39.0,100,0.0
950,10607,33,2.5,14,0.0
951,10607,40,18.3999996,42,0.0
952,10607,72,34.7999992,12,0.0
953,10608,56,38.0,28,0.0
954,10609,1,18.0,3,0.0
955,10609,10,31.0,10,0.0
956,10609,21,10.0,6,0.0
957,10610,36,19.0,21,0.25
958,10611,1,18.0,6,0.0
959,10611,2,19.0,10,0.0
960,10611,60,34.0,15,0.0
961,10612,10,31.0,70,0.0
962,10612,36,19.0,55,0.0
963,10612,49,20.0,18,0.0
964,10612,60,34.0,40,0.0
965,10612,76,18.0,80,0.0
966,10613,13,6.0,8,0.100000001
967,10613,75,7.75,40,0.0
968,10614,11,21.0,14,0.0
969,10614,21,10.0,8,0.0
970,10614,39,18.0,5,0.0
971,10615,55,24.0,5,0.0
972,10616,38,263.5,15,0.0500000007
973,10616,56,38.0,14,0.0
974,10616,70,15.0,15,0.0500000007
975,10616,71,21.5,15,0.0500000007
976,10617,59,55.0,30,0.150000006
977,10618,6,25.0,70,0.0
978,10618,56,38.0,20,0.0
979,10618,68,12.5,15,0.0
980,10619,21,10.0,42,0.0
981,10619,22,21.0,40,0.0
982,10620,24,4.5,5,0.0
983,10620,52,7.0,5,0.0
984,10621,19,9.19999981,5,0.0
985,10621,23,9.0,10,0.0
986,10621,70,15.0,20,0.0
987,10621,71,21.5,15,0.0
988,10622,2,19.0,20,0.0
989,10622,68,12.5,18,0.200000003
990,10623,14,23.25,21,0.0
991,10623,19,9.19999981,15,0.100000001
992,10623,21,10.0,25,0.100000001
993,10623,24,4.5,3,0.0
994,10623,35,18.0,30,0.100000001
995,10624,28,45.5999985,10,0.0
996,10624,29,123.790001,6,0.0
997,10624,44,19.4500008,10,0.0
998,10625,14,23.25,3,0.0
999,10625,42,14.0,5,0.0
1000,10625,60,34.0,10,0.0
1001,10626,53,32.7999992,12,0.0
1002,10626,60,34.0,20,0.0
1003,10626,71,21.5,20,0.0
1004,10627,62,49.2999992,15,0.0
1005,10627,73,15.0,35,0.150000006
1006,10628,1,18.0,25,0.0
1007,10629,29,123.790001,20,0.0
1008,10629,64,33.25,9,0.0
1009,10630,55,24.0,12,0.0500000007
1010,10630,76,18.0,35,0.0
1011,10631,75,7.75,8,0.100000001
1012,10632,2,19.0,30,0.0500000007
1013,10632,33,2.5,20,0.0500000007
1014,10633,12,38.0,36,0.150000006
1015,10633,13,6.0,13,0.150000006
1016,10633,26,31.2299995,35,0.150000006
1017,10633,62,49.2999992,80,0.150000006
1018,10634,7,30.0,35,0.0
1019,10634,18,62.5,50,0.0
1020,10634,51,53.0,15,0.0
1021,10634,75,7.75,2,0.0
1022,10635,4,22.0,10,0.100000001
1023,10635,5,21.3500004,15,0.100000001
1024,10635,22,21.0,40,0.0
1025,10636,4,22.0,25,0.0
1026,10636,58,13.25,6,0.0
1027,10637,11,21.0,10,0.0
1028,10637,50,16.25,25,0.0500000007
1029,10637,56,38.0,60,0.0500000007
1030,10638,45,9.5,20,0.0
1031,10638,65,21.0499992,21,0.0
1032,10638,72,34.7999992,60,0.0
1033,10639,18,62.5,8,0.0
1034,10640,69,36.0,20,0.25
1035,10640,70,15.0,15,0.25
1036,10641,2,19.0,50,0.0
1037,10641,40,18.3999996,60,0.0
1038,10642,21,10.0,30,0.200000003
1039,10642,61,28.5,20,0.200000003
1040,10643,28,45.5999985,15,0.25
1041,10643,39,18.0,21,0.25
1042,10643,46,12.0,2,0.25
1043,10644,18,62.5,4,0.100000001
1044,10644,43,46.0,20,0.0
1045,10644,46,12.0,21,0.100000001
1046,10645,18,62.5,20,0.0
1047,10645,36,19.0,15,0.0
1048,10646,1,18.0,15,0.25
1049,10646,10,31.0,18,0.25
1050,10646,71,21.5,30,0.25
1051,10646,77,13.0,35,0.25
1052,10647,19,9.19999981,30,0.0
1053,10647,39,18.0,20,0.0
1054,10648,22,21.0,15,0.0
1055,10648,24,4.5,15,0.150000006
1056,10649,28,45.5999985,20,0.0
1057,10649,72,34.7999992,15,0.0
1058,10650,30,25.8899994,30,0.0
1059,10650,53,32.7999992,25,0.0500000007
1060,10650,54,7.44999981,30,0.0
1061,10651,19,9.19999981,12,0.25
1062,10651,22,21.0,20,0.25
1063,10652,30,25.8899994,2,0.25
1064,10652,42,14.0,20,0.0
1065,10653,16,17.4500008,30,0.100000001
1066,10653,60,34.0,20,0.100000001
1067,10654,4,22.0,12,0.100000001
1068,10654,39,18.0,20,0.100000001
1069,10654,54,7.44999981,6,0.100000001
1070,10655,41,9.64999962,20,0.200000003
1071,10656,14,23.25,3,0.100000001
1072,10656,44,19.4500008,28,0.100000001
1073,10656,47,9.5,6,0.100000001
1074,10657,15,15.5,50,0.0
1075,10657,41,9.64999962,24,0.0
1076,10657,46,12.0,45,0.0
1077,10657,47,9.5,10,0.0
1078,10657,56,38.0,45,0.0
1079,10657,60,34.0,30,0.0
1080,10658,21,10.0,60,0.0
1081,10658,40,18.3999996,70,0.0500000007
1082,10658,60,34.0,55,0.0500000007
1083,10658,77,13.0,70,0.0500000007
1084,10659,31,12.5,20,0.0500000007
1085,10659,40,18.3999996,24,0.0500000007
1086,10659,70,15.0,40,0.0500000007
1087,10660,20,81.0,21,0.0
1088,10661,39,18.0,3,0.200000003
1089,10661,58,13.25,49,0.200000003
1090,10662,68,12.5,10,0.0
1091,10663,40,18.3999996,30,0.0500000007
1092,10663,42,14.0,30,0.0500000007
1093,10663,51,53.0,20,0.0500000007
1094,10664,10,31.0,24,0.150000006
1095,10664,56,38.0,12,0.150000006
1096,10664,65,21.0499992,15,0.150000006
1097,10665,51,53.0,20,0.0
1098,10665,59,55.0,1,0.0
1099,10665,76,18.0,10,0.0
1100,10666,29,123.790001,36,0.0
1101,10666,65,21.0499992,10,0.0
1102,10667,69,36.0,45,0.200000003
1103,10667,71,21.5,14,0.200000003
1104,10668,31,12.5,8,0.100000001
1105,10668,55,24.0,4,0.100000001
1106,10668,64,33.25,15,0.100000001
1107,10669,36,19.0,30,0.0
1108,10670,23,9.0,32,0.0
1109,10670,46,12.0,60,0.0
1110,10670,67,14.0,25,0.0
1111,10670,73,15.0,50,0.0
1112,10670,75,7.75,25,0.0
1113,10671,16,17.4500008,10,0.0
1114,10671,62,49.2999992,10,0.0
1115,10671,65,21.0499992,12,0.0
1116,10672,38,263.5,15,0.100000001
1117,10672,71,21.5,12,0.0
1118,10673,16,17.4500008,3,0.0
1119,10673,42,14.0,6,0.0
1120,10673,43,46.0,6,0.0
1121,10674,23,9.0,5,0.0
1122,10675,14,23.25,30,0.0
1123,10675,53,32.7999992,10,0.0
1124,10675,58,13.25,30,0.0
1125,10676,10,31.0,2,0.0
1126,10676,19,9.19999981,7,0.0
1127,10676,44,19.4500008,21,0.0
1128,10677,26,31.2299995,30,0.150000006
1129,10677,33,2.5,8,0.150000006
1130,10678,12,38.0,100,0.0
1131,10678,33,2.5,30,0.0
1132,10678,41,9.64999962,120,0.0
1133,10678,54,7.44999981,30,0.0
1134,10679,59,55.0,12,0.0
1135,10680,16,17.4500008,50,0.25
1136,10680,31,12.5,20,0.25
1137,10680,42,14.0,40,0.25
1138,10681,19,9.19999981,30,0.100000001
1139,10681,21,10.0,12,0.100000001
1140,10681,64,33.25,28,0.0
1141,10682,33,2.5,30,0.0
1142,10682,66,17.0,4,0.0
1143,10682,75,7.75,30,0.0
1144,10683,52,7.0,9,0.0
1145,10684,40,18.3999996,20,0.0
1146,10684,47,9.5,40,0.0
1147,10684,60,34.0,30,0.0
1148,10685,10,31.0,20,0.0
1149,10685,41,9.64999962,4,0.0
1150,10685,47,9.5,15,0.0
1151,10686,17,39.0,30,0.200000003
1152,10686,26,31.2299995,15,0.0
1153,10687,9,97.0,50,0.25
1154,10687,29,123.790001,10,0.0
1155,10687,36,19.0,6,0.25
1156,10688,10,31.0,18,0.100000001
1157,10688,28,45.5999985,60,0.100000001
1158,10688,34,14.0,14,0.0
1159,10689,1,18.0,35,0.25
1160,10690,56,38.0,20,0.25
1161,10690,77,13.0,30,0.25
1162,10691,1,18.0,30,0.0
1163,10691,29,123.790001,40,0.0
1164,10691,43,46.0,40,0.0
1165,10691,44,19.4500008,24,0.0
1166,10691,62,49.2999992,48,0.0
1167,10692,63,43.9000015,20,0.0
1168,10693,9,97.0,6,0.0
1169,10693,54,7.44999981,60,0.150000006
1170,10693,69,36.0,30,0.150000006
1171,10693,73,15.0,15,0.150000006
1172,10694,7,30.0,90,0.0
1173,10694,59,55.0,25,0.0
1174,10694,70,15.0,50,0.0
1175,10695,8,40.0,10,0.0
1176,10695,12,38.0,4,0.0
1177,10695,24,4.5,20,0.0
1178,10696,17,39.0,20,0.0
1179,10696,46,12.0,18,0.0
1180,10697,19,9.19999981,7,0.25
1181,10697,35,18.0,9,0.25
1182,10697,58,13.25,30,0.25
1183,10697,70,15.0,30,0.25
1184,10698,11,21.0,15,0.0
1185,10698,17,39.0,8,0.0500000007
1186,10698,29,123.790001,12,0.0500000007
1187,10698,65,21.0499992,65,0.0500000007
1188,10698,70,15.0,8,0.0500000007
1189,10699,47,9.5,12,0.0
1190,10700,1,18.0,5,0.200000003
1191,10700,34,14.0,12,0.200000003
1192,10700,68,12.5,40,0.200000003
1193,10700,71,21.5,60,0.200000003
1194,10701,59,55.0,42,0.150000006
1195,10701,71,21.5,20,0.150000006
1196,10701,76,18.0,35,0.150000006
1197,10702,3,10.0,6,0.0
1198,10702,76,18.0,15,0.0
1199,10703,2,19.0,5,0.0
1200,10703,59,55.0,35,0.0
1201,10703,73,15.0,35,0.0
1202,10704,4,22.0,6,0.0
1203,10704,24,4.5,35,0.0
1204,10704,48,12.75,24,0.0
1205,10705,31,12.5,20,0.0
1206,10705,32,32.0,4,0.0
1207,10706,16,17.4500008,20,0.0
1208,10706,43,46.0,24,0.0
1209,10706,59,55.0,8,0.0
1210,10707,55,24.0,21,0.0
1211,10707,57,19.5,40,0.0
1212,10707,70,15.0,28,0.150000006
1213,10708,5,21.3500004,4,0.0
1214,10708,36,19.0,5,0.0
1215,10709,8,40.0,40,0.0
1216,10709,51,53.0,28,0.0
1217,10709,60,34.0,10,0.0
1218,10710,19,9.19999981,5,0.0
1219,10710,47,9.5,5,0.0
1220,10711,19,9.19999981,12,0.0
1221,10711,41,9.64999962,42,0.0
1222,10711,53,32.7999992,120,0.0
1223,10712,53,32.7999992,3,0.0500000007
1224,10712,56,38.0,30,0.0
1225,10713,10,31.0,18,0.0
1226,10713,26,31.2299995,30,0.0
1227,10713,45,9.5,110,0.0
1228,10713,46,12.0,24,0.0
1229,10714,2,19.0,30,0.25
1230,10714,17,39.0,27,0.25
1231,10714,47,9.5,50,0.25
1232,10714,56,38.0,18,0.25
1233,10714,58,13.25,12,0.25
1234,10715,10,31.0,21,0.0
1235,10715,71,21.5,30,0.0
1236,10716,21,10.0,5,0.0
1237,10716,51,53.0,7,0.0
1238,10716,61,28.5,10,0.0
1239,10717,21,10.0,32,0.0500000007
1240,10717,54,7.44999981,15,0.0
1241,10717,69,36.0,25,0.0500000007
1242,10718,12,38.0,36,0.0
1243,10718,16,17.4500008,20,0.0
1244,10718,36,19.0,40,0.0
1245,10718,62,49.2999992,20,0.0
1246,10719,18,62.5,12,0.25
1247,10719,30,25.8899994,3,0.25
1248,10719,54,7.44999981,40,0.25
1249,10720,35,18.0,21,0.0
1250,10720,71,21.5,8,0.0
1251,10721,44,19.4500008,50,0.0500000007
1252,10722,2,19.0,3,0.0
1253,10722,31,12.5,50,0.0
1254,10722,68,12.5,45,0.0
1255,10722,75,7.75,42,0.0
1256,10723,26,31.2299995,15,0.0
1257,10724,10,31.0,16,0.0
1258,10724,61,28.5,5,0.0
1259,10725,41,9.64999962,12,0.0
1260,10725,52,7.0,4,0.0
1261,10725,55,24.0,6,0.0
1262,10726,4,22.0,25,0.0
1263,10726,11,21.0,5,0.0
1264,10727,17,39.0,20,0.0500000007
1265,10727,56,38.0,10,0.0500000007
1266,10727,59,55.0,10,0.0500000007
1267,10728,30,25.8899994,15,0.0
1268,10728,40,18.3999996,6,0.0
1269,10728,55,24.0,12,0.0
1270,10728,60,34.0,15,0.0
1271,10729,1,18.0,50,0.0
1272,10729,21,10.0,30,0.0
1273,10729,50,16.25,40,0.0
1274,10730,16,17.4500008,15,0.0500000007
1275,10730,31,12.5,3,0.0500000007
1276,10730,65,21.0499992,10,0.0500000007
1277,10731,21,10.0,40,0.0500000007
1278,10731,51,53.0,30,0.0500000007
1279,10732,76,18.0,20,0.0
1280,10733,14,23.25,16,0.0
1281,10733,28,45.5999985,20,0.0
1282,10733,52,7.0,25,0.0
1283,10734,6,25.0,30,0.0
1284,10734,30,25.8899994,15,0.0
1285,10734,76,18.0,20,0.0
1286,10735,61,28.5,20,0.100000001
1287,10735,77,13.0,2,0.100000001
1288,10736,65,21.0499992,40,0.0
1289,10736,75,7.75,20,0.0
1290,10737,13,6.0,4,0.0
1291,10737,41,9.64999962,12,0.0
1292,10738,16,17.4500008,3,0.0
1293,10739,36,19.0,6,0.0
1294,10739,52,7.0,18,0.0
1295,10740,28,45.5999985,5,0.200000003
1296,10740,35,18.0,35,0.200000003
1297,10740,45,9.5,40,0.200000003
1298,10740,56,38.0,14,0.200000003
1299,10741,2,19.0,15,0.200000003
1300,10742,3,10.0,20,0.0
1301,10742,60,34.0,50,0.0
1302,10742,72,34.7999992,35,0.0
1303,10743,46,12.0,28,0.0500000007
1304,10744,40,18.3999996,50,0.200000003
1305,10745,18,62.5,24,0.0
1306,10745,44,19.4500008,16,0.0
1307,10745,59,55.0,45,0.0
1308,10745,72,34.7999992,7,0.0
1309,10746,13,6.0,6,0.0
1310,10746,42,14.0,28,0.0
1311,10746,62,49.2999992,9,0.0
1312,10746,69,36.0,40,0.0
1313,10747,31,12.5,8,0.0
1314,10747,41,9.64999962,35,0.0
1315,10747,63,43.9000015,9,0.0
1316,10747,69,36.0,30,0.0
1317,10748,23,9.0,44,0.0
1318,10748,40,18.3999996,40,0.0
1319,10748,56,38.0,28,0.0
1320,10749,56,38.0,15,0.0
1321,10749,59,55.0,6,0.0
1322,10749,76,18.0,10,0.0
1323,10750,14,23.25,5,0.150000006
1324,10750,45,9.5,40,0.150000006
1325,10750,59,55.0,25,0.150000006
1326,10751,26,31.2299995,12,0.100000001
1327,10751,30,25.8899994,30,0.0
1328,10751,50,16.25,20,0.100000001
1329,10751,73,15.0,15,0.0
1330,10752,1,18.0,8,0.0
1331,10752,69,36.0,3,0.0
1332,10753,45,9.5,4,0.0
1333,10753,74,10.0,5,0.0
1334,10754,40,18.3999996,3,0.0
1335,10755,47,9.5,30,0.25
1336,10755,56,38.0,30,0.25
1337,10755,57,19.5,14,0.25
1338,10755,69,36.0,25,0.25
1339,10756,18,62.5,21,0.200000003
1340,10756,36,19.0,20,0.200000003
1341,10756,68,12.5,6,0.200000003
1342,10756,69,36.0,20,0.200000003
1343,10757,34,14.0,30,0.0
1344,10757,59,55.0,7,0.0
1345,10757,62,49.2999992,30,0.0
1346,10757,64,33.25,24,0.0
1347,10758,26,31.2299995,20,0.0
1348,10758,52,7.0,60,0.0
1349,10758,70,15.0,40,0.0
1350,10759,32,32.0,10,0.0
1351,10760,25,14.0,12,0.25
1352,10760,27,43.9000015,40,0.0
1353,10760,43,46.0,30,0.25
1354,10761,25,14.0,35,0.25
1355,10761,75,7.75,18,0.0
1356,10762,39,18.0,16,0.0
1357,10762,47,9.5,30,0.0
1358,10762,51,53.0,28,0.0
1359,10762,56,38.0,60,0.0
1360,10763,21,10.0,40,0.0
1361,10763,22,21.0,6,0.0
1362,10763,24,4.5,20,0.0
1363,10764,3,10.0,20,0.100000001
1364,10764,39,18.0,130,0.100000001
1365,10765,65,21.0499992,80,0.100000001
1366,10766,2,19.0,40,0.0
1367,10766,7,30.0,35,0.0
1368,10766,68,12.5,40,0.0
1369,10767,42,14.0,2,0.0
1370,10768,22,21.0,4,0.0
1371,10768,31,12.5,50,0.0
1372,10768,60,34.0,15,0.0
1373,10768,71,21.5,12,0.0
1374,10769,41,9.64999962,30,0.0500000007
1375,10769,52,7.0,15,0.0500000007
1376,10769,61,28.5,20,0.0
1377,10769,62,49.2999992,15,0.0
1378,10770,11,21.0,15,0.25
1379,10771,71,21.5,16,0.0
1380,10772,29,123.790001,18,0.0
1381,10772,59,55.0,25,0.0
1382,10773,17,39.0,33,0.0
1383,10773,31,12.5,70,0.200000003
1384,10773,75,7.75,7,0.200000003
1385,10774,31,12.5,2,0.25
1386,10774,66,17.0,50,0.0
1387,10775,10,31.0,6,0.0
1388,10775,67,14.0,3,0.0
1389,10776,31,12.5,16,0.0500000007
1390,10776,42,14.0,12,0.0500000007
1391,10776,45,9.5,27,0.0500000007
1392,10776,51,53.0,120,0.0500000007
1393,10777,42,14.0,20,0.200000003
1394,10778,41,9.64999962,10,0.0
1395,10779,16,17.4500008,20,0.0
1396,10779,62,49.2999992,20,0.0
1397,10780,70,15.0,35,0.0
1398,10780,77,13.0,15,0.0
1399,10781,54,7.44999981,3,0.200000003
1400,10781,56,38.0,20,0.200000003
1401,10781,74,10.0,35,0.0
1402,10782,31,12.5,1,0.0
1403,10783,31,12.5,10,0.0
1404,10783,38,263.5,5,0.0
1405,10784,36,19.0,30,0.0
1406,10784,39,18.0,2,0.150000006
1407,10784,72,34.7999992,30,0.150000006
1408,10785,10,31.0,10,0.0
1409,10785,75,7.75,10,0.0
1410,10786,8,40.0,30,0.200000003
1411,10786,30,25.8899994,15,0.200000003
1412,10786,75,7.75,42,0.200000003
1413,10787,2,19.0,15,0.0500000007
1414,10787,29,123.790001,20,0.0500000007
1415,10788,19,9.19999981,50,0.0500000007
1416,10788,75,7.75,40,0.0500000007
1417,10789,18,62.5,30,0.0
1418,10789,35,18.0,15,0.0
1419,10789,63,43.9000015,30,0.0
1420,10789,68,12.5,18,0.0
1421,10790,7,30.0,3,0.150000006
1422,10790,56,38.0,20,0.150000006
1423,10791,29,123.790001,14,0.0500000007
1424,10791,41,9.64999962,20,0.0500000007
1425,10792,2,19.0,10,0.0
1426,10792,54,7.44999981,3,0.0
1427,10792,68,12.5,15,0.0
1428,10793,41,9.64999962,14,0.0
1429,10793,52,7.0,8,0.0
1430,10794,14,23.25,15,0.200000003
1431,10794,54,7.44999981,6,0.200000003
1432,10795,16,17.4500008,65,0.0
1433,10795,17,39.0,35,0.25
1434,10796,26,31.2299995,21,0.200000003
1435,10796,44,19.4500008,10,0.0
1436,10796,64,33.25,35,0.200000003
1437,10796,69,36.0,24,0.200000003
1438,10797,11,21.0,20,0.0
1439,10798,62,49.2999992,2,0.0
1440,10798,72,34.7999992,10,0.0
1441,10799,13,6.0,20,0.150000006
1442,10799,24,4.5,20,0.150000006
1443,10799,59,55.0,25,0.0
1444,10800,11,21.0,50,0.100000001
1445,10800,51,53.0,10,0.100000001
1446,10800,54,7.44999981,7,0.100000001
1447,10801,17,39.0,40,0.25
1448,10801,29,123.790001,20,0.25
1449,10802,30,25.8899994,25,0.25
1450,10802,51,53.0,30,0.25
1451,10802,55,24.0,60,0.25
1452,10802,62,49.2999992,5,0.25
1453,10803,19,9.19999981,24,0.0500000007
1454,10803,25,14.0,15,0.0500000007
1455,10803,59,55.0,15,0.0500000007
1456,10804,10,31.0,36,0.0
1457,10804,28,45.5999985,24,0.0
1458,10804,49,20.0,4,0.150000006
1459,10805,34,14.0,10,0.0
1460,10805,38,263.5,10,0.0
1461,10806,2,19.0,20,0.25
1462,10806,65,21.0499992,2,0.0
1463,10806,74,10.0,15,0.25
1464,10807,40,18.3999996,1,0.0
1465,10808,56,38.0,20,0.150000006
1466,10808,76,18.0,50,0.150000006
1467,10809,52,7.0,20,0.0
1468,10810,13,6.0,7,0.0
1469,10810,25,14.0,5,0.0
1470,10810,70,15.0,5,0.0
1471,10811,19,9.19999981,15,0.0
1472,10811,23,9.0,18,0.0
1473,10811,40,18.3999996,30,0.0
1474,10812,31,12.5,16,0.100000001
1475,10812,72,34.7999992,40,0.100000001
1476,10812,77,13.0,20,0.0
1477,10813,2,19.0,12,0.200000003
1478,10813,46,12.0,35,0.0
1479,10814,41,9.64999962,20,0.0
1480,10814,43,46.0,20,0.150000006
1481,10814,48,12.75,8,0.150000006
1482,10814,61,28.5,30,0.150000006
1483,10815,33,2.5,16,0.0
1484,10816,38,263.5,30,0.0500000007
1485,10816,62,49.2999992,20,0.0500000007
1486,10817,26,31.2299995,40,0.150000006
1487,10817,38,263.5,30,0.0
1488,10817,40,18.3999996,60,0.150000006
1489,10817,62,49.2999992,25,0.150000006
1490,10818,32,32.0,20,0.0
1491,10818,41,9.64999962,20,0.0
1492,10819,43,46.0,7,0.0
1493,10819,75,7.75,20,0.0
1494,10820,56,38.0,30,0.0
1495,10821,35,18.0,20,0.0
1496,10821,51,53.0,6,0.0
1497,10822,62,49.2999992,3,0.0
1498,10822,70,15.0,6,0.0
1499,10823,11,21.0,20,0.100000001
1500,10823,57,19.5,15,0.0
1501,10823,59,55.0,40,0.100000001
1502,10823,77,13.0,15,0.100000001
1503,10824,41,9.64999962,12,0.0
1504,10824,70,15.0,9,0.0
1505,10825,26,31.2299995,12,0.0
1506,10825,53,32.7999992,20,0.0
1507,10826,31,12.5,35,0.0
1508,10826,57,19.5,15,0.0
1509,10827,10,31.0,15,0.0
1510,10827,39,18.0,21,0.0
1511,10828,20,81.0,5,0.0
1512,10828,38,263.5,2,0.0
1513,10829,2,19.0,10,0.0
1514,10829,8,40.0,20,0.0
1515,10829,13,6.0,10,0.0
1516,10829,60,34.0,21,0.0
1517,10830,6,25.0,6,0.0
1518,10830,39,18.0,28,0.0
1519,10830,60,34.0,30,0.0
1520,10830,68,12.5,24,0.0
1521,10831,19,9.19999981,2,0.0
1522,10831,35,18.0,8,0.0
1523,10831,38,263.5,8,0.0
1524,10831,43,46.0,9,0.0
1525,10832,13,6.0,3,0.200000003
1526,10832,25,14.0,10,0.200000003
1527,10832,44,19.4500008,16,0.200000003
1528,10832,64,33.25,3,0.0
1529,10833,7,30.0,20,0.100000001
1530,10833,31,12.5,9,0.100000001
1531,10833,53,32.7999992,9,0.100000001
1532,10834,29,123.790001,8,0.0500000007
1533,10834,30,25.8899994,20,0.0500000007
1534,10835,59,55.0,15,0.0
1535,10835,77,13.0,2,0.200000003
1536,10836,22,21.0,52,0.0
1537,10836,35,18.0,6,0.0
1538,10836,57,19.5,24,0.0
1539,10836,60,34.0,60,0.0
1540,10836,64,33.25,30,0.0
1541,10837,13,6.0,6,0.0
1542,10837,40,18.3999996,25,0.0
1543,10837,47,9.5,40,0.25
1544,10837,76,18.0,21,0.25
1545,10838,1,18.0,4,0.25
1546,10838,18,62.5,25,0.25
1547,10838,36,19.0,50,0.25
1548,10839,58,13.25,30,0.100000001
1549,10839,72,34.7999992,15,0.100000001
1550,10840,25,14.0,6,0.200000003
1551,10840,39,18.0,10,0.200000003
1552,10841,10,31.0,16,0.0
1553,10841,56,38.0,30,0.0
1554,10841,59,55.0,50,0.0
1555,10841,77,13.0,15,0.0
1556,10842,11,21.0,15,0.0
1557,10842,43,46.0,5,0.0
1558,10842,68,12.5,20,0.0
1559,10842,70,15.0,12,0.0
1560,10843,51,53.0,4,0.25
1561,10844,22,21.0,35,0.0
1562,10845,23,9.0,70,0.100000001
1563,10845,35,18.0,25,0.100000001
1564,10845,42,14.0,42,0.100000001
1565,10845,58,13.25,60,0.100000001
1566,10845,64,33.25,48,0.0
1567,10846,4,22.0,21,0.0
1568,10846,70,15.0,30,0.0
1569,10846,74,10.0,20,0.0
1570,10847,1,18.0,80,0.200000003
1571,10847,19,9.19999981,12,0.200000003
1572,10847,37,26.0,60,0.200000003
1573,10847,45,9.5,36,0.200000003
1574,10847,60,34.0,45,0.200000003
1575,10847,71,21.5,55,0.200000003
1576,10848,5,21.3500004,30,0.0
1577,10848,9,97.0,3,0.0
1578,10849,3,10.0,49,0.0
1579,10849,26,31.2299995,18,0.150000006
1580,10850,25,14.0,20,0.150000006
1581,10850,33,2.5,4,0.150000006
1582,10850,70,15.0,30,0.150000006
1583,10851,2,19.0,5,0.0500000007
1584,10851,25,14.0,10,0.0500000007
1585,10851,57,19.5,10,0.0500000007
1586,10851,59,55.0,42,0.0500000007
1587,10852,2,19.0,15,0.0
1588,10852,17,39.0,6,0.0
1589,10852,62,49.2999992,50,0.0
1590,10853,18,62.5,10,0.0
1591,10854,10,31.0,100,0.150000006
1592,10854,13,6.0,65,0.150000006
1593,10855,16,17.4500008,50,0.0
1594,10855,31,12.5,14,0.0
1595,10855,56,38.0,24,0.0
1596,10855,65,21.0499992,15,0.150000006
1597,10856,2,19.0,20,0.0
1598,10856,42,14.0,20,0.0
1599,10857,3,10.0,30,0.0
1600,10857,26,31.2299995,35,0.25
1601,10857,29,123.790001,10,0.25
1602,10858,7,30.0,5,0.0
1603,10858,27,43.9000015,10,0.0
1604,10858,70,15.0,4,0.0
1605,10859,24,4.5,40,0.25
1606,10859,54,7.44999981,35,0.25
1607,10859,64,33.25,30,0.25
1608,10860,51,53.0,3,0.0
1609,10860,76,18.0,20,0.0
1610,10861,17,39.0,42,0.0
1611,10861,18,62.5,20,0.0
1612,10861,21,10.0,40,0.0
1613,10861,33,2.5,35,0.0
1614,10861,62,49.2999992,3,0.0
1615,10862,11,21.0,25,0.0
1616,10862,52,7.0,8,0.0
1617,10863,1,18.0,20,0.150000006
1618,10863,58,13.25,12,0.150000006
1619,10864,35,18.0,4,0.0
1620,10864,67,14.0,15,0.0
1621,10865,38,263.5,60,0.0500000007
1622,10865,39,18.0,80,0.0500000007
1623,10866,2,19.0,21,0.25
1624,10866,24,4.5,6,0.25
1625,10866,30,25.8899994,40,0.25
1626,10867,53,32.7999992,3,0.0
1627,10868,26,31.2299995,20,0.0
1628,10868,35,18.0,30,0.0
1629,10868,49,20.0,42,0.100000001
1630,10869,1,18.0,40,0.0
1631,10869,11,21.0,10,0.0
1632,10869,23,9.0,50,0.0
1633,10869,68,12.5,20,0.0
1634,10870,35,18.0,3,0.0
1635,10870,51,53.0,2,0.0
1636,10871,6,25.0,50,0.0500000007
1637,10871,16,17.4500008,12,0.0500000007
1638,10871,17,39.0,16,0.0500000007
1639,10872,55,24.0,10,0.0500000007
1640,10872,62,49.2999992,20,0.0500000007
1641,10872,64,33.25,15,0.0500000007
1642,10872,65,21.0499992,21,0.0500000007
1643,10873,21,10.0,20,0.0
1644,10873,28,45.5999985,3,0.0
1645,10874,10,31.0,10,0.0
1646,10875,19,9.19999981,25,0.0
1647,10875,47,9.5,21,0.100000001
1648,10875,49,20.0,15,0.0
1649,10876,46,12.0,21,0.0
1650,10876,64,33.25,20,0.0
1651,10877,16,17.4500008,30,0.25
1652,10877,18,62.5,25,0.0
1653,10878,20,81.0,20,0.0500000007
1654,10879,40,18.3999996,12,0.0
1655,10879,65,21.0499992,10,0.0
1656,10879,76,18.0,10,0.0
1657,10880,23,9.0,30,0.200000003
1658,10880,61,28.5,30,0.200000003
1659,10880,70,15.0,50,0.200000003
1660,10881,73,15.0,10,0.0
1661,10882,42,14.0,25,0.0
1662,10882,49,20.0,20,0.150000006
1663,10882,54,7.44999981,32,0.150000006
1664,10883,24,4.5,8,0.0
1665,10884,21,10.0,40,0.0500000007
1666,10884,56,38.0,21,0.0500000007
1667,10884,65,21.0499992,12,0.0500000007
1668,10885,2,19.0,20,0.0
1669,10885,24,4.5,12,0.0
1670,10885,70,15.0,30,0.0
1671,10885,77,13.0,25,0.0
1672,10886,10,31.0,70,0.0
1673,10886,31,12.5,35,0.0
1674,10886,77,13.0,40,0.0
1675,10887,25,14.0,5,0.0
1676,10888,2,19.0,20,0.0
1677,10888,68,12.5,18,0.0
1678,10889,11,21.0,40,0.0
1679,10889,38,263.5,40,0.0
1680,10890,17,39.0,15,0.0
1681,10890,34,14.0,10,0.0
1682,10890,41,9.64999962,14,0.0
1683,10891,30,25.8899994,15,0.0500000007
1684,10892,59,55.0,40,0.0500000007
1685,10893,8,40.0,30,0.0
1686,10893,24,4.5,10,0.0
1687,10893,29,123.790001,24,0.0
1688,10893,30,25.8899994,35,0.0
1689,10893,36,19.0,20,0.0
1690,10894,13,6.0,28,0.0500000007
1691,10894,69,36.0,50,0.0500000007
1692,10894,75,7.75,120,0.0500000007
1693,10895,24,4.5,110,0.0
1694,10895,39,18.0,45,0.0
1695,10895,40,18.3999996,91,0.0
1696,10895,60,34.0,100,0.0
1697,10896,45,9.5,15,0.0
1698,10896,56,38.0,16,0.0
1699,10897,29,123.790001,80,0.0
1700,10897,30,25.8899994,36,0.0
1701,10898,13,6.0,5,0.0
1702,10899,39,18.0,8,0.150000006
1703,10900,70,15.0,3,0.25
1704,10901,41,9.64999962,30,0.0
1705,10901,71,21.5,30,0.0
1706,10902,55,24.0,30,0.150000006
1707,10902,62,49.2999992,6,0.150000006
1708,10903,13,6.0,40,0.0
1709,10903,65,21.0499992,21,0.0
1710,10903,68,12.5,20,0.0
1711,10904,58,13.25,15,0.0
1712,10904,62,49.2999992,35,0.0
1713,10905,1,18.0,20,0.0500000007
1714,10906,61,28.5,15,0.0
1715,10907,75,7.75,14,0.0
1716,10908,7,30.0,20,0.0500000007
1717,10908,52,7.0,14,0.0500000007
1718,10909,7,30.0,12,0.0
1719,10909,16,17.4500008,15,0.0
1720,10909,41,9.64999962,5,0.0
1721,10910,19,9.19999981,12,0.0
1722,10910,49,20.0,10,0.0
1723,10910,61,28.5,5,0.0
1724,10911,1,18.0,10,0.0
1725,10911,17,39.0,12,0.0
1726,10911,67,14.0,15,0.0
1727,10912,11,21.0,40,0.25
1728,10912,29,123.790001,60,0.25
1729,10913,4,22.0,30,0.25
1730,10913,33,2.5,40,0.25
1731,10913,58,13.25,15,0.0
1732,10914,71,21.5,25,0.0
1733,10915,17,39.0,10,0.0
1734,10915,33,2.5,30,0.0
1735,10915,54,7.44999981,10,0.0
1736,10916,16,17.4500008,6,0.0
1737,10916,32,32.0,6,0.0
1738,10916,57,19.5,20,0.0
1739,10917,30,25.8899994,1,0.0
1740,10917,60,34.0,10,0.0
1741,10918,1,18.0,60,0.25
1742,10918,60,34.0,25,0.25
1743,10919,16,17.4500008,24,0.0
1744,10919,25,14.0,24,0.0
1745,10919,40,18.3999996,20,0.0
1746,10920,50,16.25,24,0.0
1747,10921,35,18.0,10,0.0
1748,10921,63,43.9000015,40,0.0
1749,10922,17,39.0,15,0.0
1750,10922,24,4.5,35,0.0
1751,10923,42,14.0,10,0.200000003
1752,10923,43,46.0,10,0.200000003
1753,10923,67,14.0,24,0.200000003
1754,10924,10,31.0,20,0.100000001
1755,10924,28,45.5999985,30,0.100000001
1756,10924,75,7.75,6,0.0
1757,10925,36,19.0,25,0.150000006
1758,10925,52,7.0,12,0.150000006
1759,10926,11,21.0,2,0.0
1760,10926,13,6.0,10,0.0
1761,10926,19,9.19999981,7,0.0
1762,10926,72,34.7999992,10,0.0
1763,10927,20,81.0,5,0.0
1764,10927,52,7.0,5,0.0
1765,10927,76,18.0,20,0.0
1766,10928,47,9.5,5,0.0
1767,10928,76,18.0,5,0.0
1768,10929,21,10.0,60,0.0
1769,10929,75,7.75,49,0.0
1770,10929,77,13.0,15,0.0
1771,10930,21,10.0,36,0.0
1772,10930,27,43.9000015,25,0.0
1773,10930,55,24.0,25,0.200000003
1774,10930,58,13.25,30,0.200000003
1775,10931,13,6.0,42,0.150000006
1776,10931,57,19.5,30,0.0
1777,10932,16,17.4500008,30,0.100000001
1778,10932,62,49.2999992,14,0.100000001
1779,10932,72,34.7999992,16,0.0
1780,10932,75,7.75,20,0.100000001
1781,10933,53,32.7999992,2,0.0
1782,10933,61,28.5,30,0.0
1783,10934,6,25.0,20,0.0
1784,10935,1,18.0,21,0.0
1785,10935,18,62.5,4,0.25
1786,10935,23,9.0,8,0.25
1787,10936,36,19.0,30,0.200000003
1788,10937,28,45.5999985,8,0.0
1789,10937,34,14.0,20,0.0
1790,10938,13,6.0,20,0.25
1791,10938,43,46.0,24,0.25
1792,10938,60,34.0,49,0.25
1793,10938,71,21.5,35,0.25
1794,10939,2,19.0,10,0.150000006
1795,10939,67,14.0,40,0.150000006
1796,10940,7,30.0,8,0.0
1797,10940,13,6.0,20,0.0
1798,10941,31,12.5,44,0.25
1799,10941,62,49.2999992,30,0.25
1800,10941,68,12.5,80,0.25
1801,10941,72,34.7999992,50,0.0
1802,10942,49,20.0,28,0.0
1803,10943,13,6.0,15,0.0
1804,10943,22,21.0,21,0.0
1805,10943,46,12.0,15,0.0
1806,10944,11,21.0,5,0.25
1807,10944,44,19.4500008,18,0.25
1808,10944,56,38.0,18,0.0
1809,10945,13,6.0,20,0.0
1810,10945,31,12.5,10,0.0
1811,10946,10,31.0,25,0.0
1812,10946,24,4.5,25,0.0
1813,10946,77,13.0,40,0.0
1814,10947,59,55.0,4,0.0
1815,10948,50,16.25,9,0.0
1816,10948,51,53.0,40,0.0
1817,10948,55,24.0,4,0.0
1818,10949,6,25.0,12,0.0
1819,10949,10,31.0,30,0.0
1820,10949,17,39.0,6,0.0
1821,10949,62,49.2999992,60,0.0
1822,10950,4,22.0,5,0.0
1823,10951,33,2.5,15,0.0500000007
1824,10951,41,9.64999962,6,0.0500000007
1825,10951,75,7.75,50,0.0500000007
1826,10952,6,25.0,16,0.0500000007
1827,10952,28,45.5999985,2,0.0
1828,10953,20,81.0,50,0.0500000007
1829,10953,31,12.5,50,0.0500000007
1830,10954,16,17.4500008,28,0.150000006
1831,10954,31,12.5,25,0.150000006
1832,10954,45,9.5,30,0.0
1833,10954,60,34.0,24,0.150000006
1834,10955,75,7.75,12,0.200000003
1835,10956,21,10.0,12,0.0
1836,10956,47,9.5,14,0.0
1837,10956,51,53.0,8,0.0
1838,10957,30,25.8899994,30,0.0
1839,10957,35,18.0,40,0.0
1840,10957,64,33.25,8,0.0
1841,10958,5,21.3500004,20,0.0
1842,10958,7,30.0,6,0.0
1843,10958,72,34.7999992,5,0.0
1844,10959,75,7.75,20,0.150000006
1845,10960,24,4.5,10,0.25
1846,10960,41,9.64999962,24,0.0
1847,10961,52,7.0,6,0.0500000007
1848,10961,76,18.0,60,0.0
1849,10962,7,30.0,45,0.0
1850,10962,13,6.0,77,0.0
1851,10962,53,32.7999992,20,0.0
1852,10962,69,36.0,9,0.0
1853,10962,76,18.0,44,0.0
1854,10963,60,34.0,2,0.150000006
1855,10964,18,62.5,6,0.0
1856,10964,38,263.5,5,0.0
1857,10964,69,36.0,10,0.0
1858,10965,51,53.0,16,0.0
1859,10966,37,26.0,8,0.0
1860,10966,56,38.0,12,0.150000006
1861,10966,62,49.2999992,12,0.150000006
1862,10967,19,9.19999981,12,0.0
1863,10967,49,20.0,40,0.0
1864,10968,12,38.0,30,0.0
1865,10968,24,4.5,30,0.0
1866,10968,64,33.25,4,0.0
1867,10969,46,12.0,9,0.0
1868,10970,52,7.0,40,0.200000003
1869,10971,29,123.790001,14,0.0
1870,10972,17,39.0,6,0.0
1871,10972,33,2.5,7,0.0
1872,10973,26,31.2299995,5,0.0
1873,10973,41,9.64999962,6,0.0
1874,10973,75,7.75,10,0.0
1875,10974,63,43.9000015,10,0.0
1876,10975,8,40.0,16,0.0
1877,10975,75,7.75,10,0.0
1878,10976,28,45.5999985,20,0.0
1879,10977,39,18.0,30,0.0
1880,10977,47,9.5,30,0.0
1881,10977,51,53.0,10,0.0
1882,10977,63,43.9000015,20,0.0
1883,10978,8,40.0,20,0.150000006
1884,10978,21,10.0,40,0.150000006
1885,10978,40,18.3999996,10,0.0
1886,10978,44,19.4500008,6,0.150000006
1887,10979,7,30.0,18,0.0
1888,10979,12,38.0,20,0.0
1889,10979,24,4.5,80,0.0
1890,10979,27,43.9000015,30,0.0
1891,10979,31,12.5,24,0.0
1892,10979,63,43.9000015,35,0.0
1893,10980,75,7.75,40,0.200000003
1894,10981,38,263.5,60,0.0
1895,10982,7,30.0,20,0.0
1896,10982,43,46.0,9,0.0
1897,10983,13,6.0,84,0.150000006
1898,10983,57,19.5,15,0.0
1899,10984,16,17.4500008,55,0.0
1900,10984,24,4.5,20,0.0
1901,10984,36,19.0,40,0.0
1902,10985,16,17.4500008,36,0.100000001
1903,10985,18,62.5,8,0.100000001
1904,10985,32,32.0,35,0.100000001
1905,10986,11,21.0,30,0.0
1906,10986,20,81.0,15,0.0
1907,10986,76,18.0,10,0.0
1908,10986,77,13.0,15,0.0
1909,10987,7,30.0,60,0.0
1910,10987,43,46.0,6,0.0
1911,10987,72,34.7999992,20,0.0
1912,10988,7,30.0,60,0.0
1913,10988,62,49.2999992,40,0.100000001
1914,10989,6,25.0,40,0.0
1915,10989,11,21.0,15,0.0
1916,10989,41,9.64999962,4,0.0
1917,10990,21,10.0,65,0.0
1918,10990,34,14.0,60,0.150000006
1919,10990,55,24.0,65,0.150000006
1920,10990,61,28.5,66,0.150000006
1921,10991,2,19.0,50,0.200000003
1922,10991,70,15.0,20,0.200000003
1923,10991,76,18.0,90,0.200000003
1924,10992,72,34.7999992,2,0.0
1925,10993,29,123.790001,50,0.25
1926,10993,41,9.64999962,35,0.25
1927,10994,59,55.0,18,0.0500000007
1928,10995,51,53.0,20,0.0
1929,10995,60,34.0,4,0.0
1930,10996,42,14.0,40,0.0
1931,10997,32,32.0,50,0.0
1932,10997,46,12.0,20,0.25
1933,10997,52,7.0,20,0.25
1934,10998,24,4.5,12,0.0
1935,10998,61,28.5,7,0.0
1936,10998,74,10.0,20,0.0
1937,10998,75,7.75,30,0.0
1938,10999,41,9.64999962,20,0.0500000007
1939,10999,51,53.0,15,0.0500000007
1940,10999,77,13.0,21,0.0500000007
1941,11000,4,22.0,25,0.25
1942,11000,24,4.5,30,0.25
1943,11000,77,13.0,30,0.0
1944,11001,7,30.0,60,0.0
1945,11001,22,21.0,25,0.0
1946,11001,46,12.0,25,0.0
1947,11001,55,24.0,6,0.0
1948,11002,13,6.0,56,0.0
1949,11002,35,18.0,15,0.150000006
1950,11002,42,14.0,24,0.150000006
1951,11002,55,24.0,40,0.0
1952,11003,1,18.0,4,0.0
1953,11003,40,18.3999996,10,0.0
1954,11003,52,7.0,10,0.0
1955,11004,26,31.2299995,6,0.0
1956,11004,76,18.0,6,0.0
1957,11005,1,18.0,2,0.0
1958,11005,59,55.0,10,0.0
1959,11006,1,18.0,8,0.0
1960,11006,29,123.790001,2,0.25
1961,11007,8,40.0,30,0.0
1962,11007,29,123.790001,10,0.0
1963,11007,42,14.0,14,0.0
1964,11008,28,45.5999985,70,0.0500000007
1965,11008,34,14.0,90,0.0500000007
1966,11008,71,21.5,21,0.0
1967,11009,24,4.5,12,0.0
1968,11009,36,19.0,18,0.25
1969,11009,60,34.0,9,0.0
1970,11010,7,30.0,20,0.0
1971,11010,24,4.5,10,0.0
1972,11011,58,13.25,40,0.0500000007
1973,11011,71,21.5,20,0.0
1974,11012,19,9.19999981,50,0.0500000007
1975,11012,60,34.0,36,0.0500000007
1976,11012,71,21.5,60,0.0500000007
1977,11013,23,9.0,10,0.0
1978,11013,42,14.0,4,0.0
1979,11013,45,9.5,20,0.0
1980,11013,68,12.5,2,0.0
1981,11014,41,9.64999962,28,0.100000001
1982,11015,30,25.8899994,15,0.0
1983,11015,77,13.0,18,0.0
1984,11016,31,12.5,15,0.0
1985,11016,36,19.0,16,0.0
1986,11017,3,10.0,25,0.0
1987,11017,59,55.0,110,0.0
1988,11017,70,15.0,30,0.0
1989,11018,12,38.0,20,0.0
1990,11018,18,62.5,10,0.0
1991,11018,56,38.0,5,0.0
1992,11019,46,12.0,3,0.0
1993,11019,49,20.0,2,0.0
1994,11020,10,31.0,24,0.150000006
1995,11021,2,19.0,11,0.25
1996,11021,20,81.0,15,0.0
1997,11021,26,31.2299995,63,0.0
1998,11021,51,53.0,44,0.25
1999,11021,72,34.7999992,35,0.0
2000,11022,19,9.19999981,35,0.0
2001,11022,69,36.0,30,0.0
2002,11023,7,30.0,4,0.0
2003,11023,43,46.0,30,0.0
2004,11024,26,31.2299995,12,0.0
2005,11024,33,2.5,30,0.0
2006,11024,65,21.0499992,21,0.0
2007,11024,71,21.5,50,0.0
2008,11025,1,18.0,10,0.100000001
2009,11025,13,6.0,20,0.100000001
2010,11026,18,62.5,8,0.0
2011,11026,51,53.0,10,0.0
2012,11027,24,4.5,30,0.25
2013,11027,62,49.2999992,21,0.25
2014,11028,55,24.0,35,0.0
2015,11028,59,55.0,24,0.0
2016,11029,56,38.0,20,0.0
2017,11029,63,43.9000015,12,0.0
2018,11030,2,19.0,100,0.25
2019,11030,5,21.3500004,70,0.0
2020,11030,29,123.790001,60,0.25
2021,11030,59,55.0,100,0.25
2022,11031,1,18.0,45,0.0
2023,11031,13,6.0,80,0.0
2024,11031,24,4.5,21,0.0
2025,11031,64,33.25,20,0.0
2026,11031,71,21.5,16,0.0
2027,11032,36,19.0,35,0.0
2028,11032,38,263.5,25,0.0
2029,11032,59,55.0,30,0.0
2030,11033,53,32.7999992,70,0.100000001
2031,11033,69,36.0,36,0.100000001
2032,11034,21,10.0,15,0.100000001
2033,11034,44,19.4500008,12,0.0
2034,11034,61,28.5,6,0.0
2035,11035,1,18.0,10,0.0
2036,11035,35,18.0,60,0.0
2037,11035,42,14.0,30,0.0
2038,11035,54,7.44999981,10,0.0
2039,11036,13,6.0,7,0.0
2040,11036,59,55.0,30,0.0
2041,11037,70,15.0,4,0.0
2042,11038,40,18.3999996,5,0.200000003
2043,11038,52,7.0,2,0.0
2044,11038,71,21.5,30,0.0
2045,11039,28,45.5999985,20,0.0
2046,11039,35,18.0,24,0.0
2047,11039,49,20.0,60,0.0
2048,11039,57,19.5,28,0.0
2049,11040,21,10.0,20,0.0
2050,11041,2,19.0,30,0.200000003
2051,11041,63,43.9000015,30,0.0
2052,11042,44,19.4500008,15,0.0
2053,11042,61,28.5,4,0.0
2054,11043,11,21.0,10,0.0
2055,11044,62,49.2999992,12,0.0
2056,11045,33,2.5,15,0.0
2057,11045,51,53.0,24,0.0
2058,11046,12,38.0,20,0.0500000007
2059,11046,32,32.0,15,0.0500000007
2060,11046,35,18.0,18,0.0500000007
2061,11047,1,18.0,25,0.25
2062,11047,5,21.3500004,30,0.25
2063,11048,68,12.5,42,0.0
2064,11049,2,19.0,10,0.200000003
2065,11049,12,38.0,4,0.200000003
2066,11050,76,18.0,50,0.100000001
2067,11051,24,4.5,10,0.200000003
2068,11052,43,46.0,30,0.200000003
2069,11052,61,28.5,10,0.200000003
2070,11053,18,62.5,35,0.200000003
2071,11053,32,32.0,20,0.0
2072,11053,64,33.25,25,0.200000003
2073,11054,33,2.5,10,0.0
2074,11054,67,14.0,20,0.0
2075,11055,24,4.5,15,0.0
2076,11055,25,14.0,15,0.0
2077,11055,51,53.0,20,0.0
2078,11055,57,19.5,20,0.0
2079,11056,7,30.0,40,0.0
2080,11056,55,24.0,35,0.0
2081,11056,60,34.0,50,0.0
2082,11057,70,15.0,3,0.0
2083,11058,21,10.0,3,0.0
2084,11058,60,34.0,21,0.0
2085,11058,61,28.5,4,0.0
2086,11059,13,6.0,30,0.0
2087,11059,17,39.0,12,0.0
2088,11059,60,34.0,35,0.0
2089,11060,60,34.0,4,0.0
2090,11060,77,13.0,10,0.0
2091,11061,60,34.0,15,0.0
2092,11062,53,32.7999992,10,0.200000003
2093,11062,70,15.0,12,0.200000003
2094,11063,34,14.0,30,0.0
2095,11063,40,18.3999996,40,0.100000001
2096,11063,41,9.64999962,30,0.100000001
2097,11064,17,39.0,77,0.100000001
2098,11064,41,9.64999962,12,0.0
2099,11064,53,32.7999992,25,0.100000001
2100,11064,55,24.0,4,0.100000001
2101,11064,68,12.5,55,0.0
2102,11065,30,25.8899994,4,0.25
2103,11065,54,7.44999981,20,0.25
2104,11066,16,17.4500008,3,0.0
2105,11066,19,9.19999981,42,0.0
2106,11066,34,14.0,35,0.0
2107,11067,41,9.64999962,9,0.0
2108,11068,28,45.5999985,8,0.150000006
2109,11068,43,46.0,36,0.150000006
2110,11068,77,13.0,28,0.150000006
2111,11069,39,18.0,20,0.0
2112,11070,1,18.0,40,0.150000006
2113,11070,2,19.0,20,0.150000006
2114,11070,16,17.4500008,30,0.150000006
2115,11070,31,12.5,20,0.0
2116,11071,7,30.0,15,0.0500000007
2117,11071,13,6.0,10,0.0500000007
2118,11072,2,19.0,8,0.0
2119,11072,41,9.64999962,40,0.0
2120,11072,50,16.25,22,0.0
2121,11072,64,33.25,130,0.0
2122,11073,11,21.0,10,0.0
2123,11073,24,4.5,20,0.0
2124,11074,16,17.4500008,14,0.0500000007
2125,11075,2,19.0,10,0.150000006
2126,11075,46,12.0,30,0.150000006
2127,11075,76,18.0,2,0.150000006
2128,11076,6,25.0,20,0.25
2129,11076,14,23.25,20,0.25
2130,11076,19,9.19999981,10,0.25
2131,11077,2,19.0,24,0.200000003
2132,11077,3,10.0,4,0.0
2133,11077,4,22.0,1,0.0
2134,11077,6,25.0,1,0.0199999996
2135,11077,7,30.0,1,0.0500000007
2136,11077,8,40.0,2,0.100000001
2137,11077,10,31.0,1,0.0
2138,11077,12,38.0,2,0.0500000007
2139,11077,13,6.0,4,0.0
2140,11077,14,23.25,1,0.0299999993
2141,11077,16,17.4500008,2,0.0299999993
2142,11077,20,81.0,1,0.0399999991
2143,11077,23,9.0,2,0.0
2144,11077,32,32.0,1,0.0
2145,11077,39,18.0,2,0.0500000007
2146,11077,41,9.64999962,3,0.0
2147,11077,46,12.0,3,0.0199999996
2148,11077,52,7.0,2,0.0
2149,11077,55,24.0,2,0.0
2150,11077,60,34.0,2,0.0599999987
2151,11077,64,33.25,2,0.0299999993
2152,11077,66,17.0,1,0.0
2153,11077,73,15.0,2,0.00999999978
2154,11077,75,7.75,4,0.0
2155,11077,77,13.0,2,0.0
